StopID,Name,Shortname,Municipality,Zone,X,Y,RealTimeDatabaseID
3010010,Oslo Sentralstasjon [tog],OS,OSL,1,598000,6642800,3
3010011,Jernbanetorget [T-bane],JER,OSL,1,597930,6642890,2
3010012,Jernbanetorget (B.Gunnerus gt),JERT,OSL,1,597900,6642936,1
3010013,Jernbanetorget (foran Oslo S),JERB,OSL,1,597864,6642854,1
3010014,Jernbanetorget (Prinsensg),JERP,OSL,1,597746,6642718,1
3010015,Jernbanetorget (Strandgata),JERS,OSL,1,597820,6642626,1
3010016,Oslo S (sjøside),OSS,OSL,1,597975,6642559,1
3010017,Dronningens gate (i Tollbugata),DROG,OSL,1,597599,6642687,1
3010020,Stortinget [T-bane],STT,OSL,1,597400,6643090,2
3010022,Wessels plass (i Nedre Vollgate),WPL,OSL,1,597234,6642883,1
3010023,Eidsvolls plass (i Stortingsgt),EP,OSL,1,597174,6643017,1
3010024,Eidsvolls plass (Rosenkrantz gt),EIP,OSL,1,597215,6643054,1
3010025,Kongens gate (i Tollbugata),KONG,OSL,1,597432,6642764,1
3010026,Kongens gate (i Prinsens gate),KOG,OSL,1,597505,6642824,1
3010030,Nationaltheatret [tog],NAT,OSL,1,596764,6643250,3
3010031,Nationaltheatret [T-bane],NT,OSL,1,596895,6643255,2
3010032,Nationaltheatret (i Stortingsgt),NA,OSL,1,596899,6643173,1
3010035,Slottsparken,SLOP,OSL,1,596608,6643239,1
3010036,Haakon VIIs gate,HVII,OSL,1,596787,6643121,1
3010038,Frederiks gate,FREG,OSL,1,596931,6643297,1
3010040,Klingenberg,KLIB,OSL,1,596864,6643018,1
3010042,Vestbanen (i Dronning Mauds gt),VB,OSL,1,596765,6642897,1
3010044,Rådhusbrygga [båt],RÅB,OSL,1,596825,6642760,0
3010045,Aker brygge (Vestbaneplassen),ABR,OSL,1,596741,6642764,1
3010046,Dokkveien (i Munkedamsveien),DOKV,OSL,1,596592,6642902,1
3010047,Vika (i Haakon VIIs gate),VIKA,OSL,1,596809,6643000,1
3010049,Aker brygge [båt],ABRY,OSL,1,596730,6642730,1
3010050,Stortorvet (ved Glasmagasinet),T,OSL,1,597595,6643011,1
3010052,Prof. Aschehougs plass,PAP,OSL,1,597355,6643184,1
3010053,Tinghuset,TIH,OSL,1,597365,6643262,1
3010054,Stortorvet (i Kirkegt),TK,OSL,1,597643,6642973,1
3010055,Tullinløkka,TULL,OSL,1,597136,6643423,1
3010056,St. Olavs plass (Pilestredet),STOP,OSL,1,597247,6643475,1
3010057,Holbergs plass,HBP,OSL,1,596976,6643638,1
3010059,SAS-hotellet (i Holbergs gt),SCAN,OSL,1,596930,6643608,0
3010062,Kirkeristen (i Storgata),KIR,OSL,1,597807,6643034,1
3010065,Brugata,BRUG,OSL,1,598033,6643187,1
3010066,Hammersborggata (ved Storgata),HAMG,OSL,1,597983,6643202,1
3010070,Vippetangen [båt],VIT,OSL,1,597375,6641800,0
3010071,Vippetangen (ved Fiskehallen),VT,OSL,1,597356,6641937,1
3010072,Akershusstranda,AKHS,OSL,1,597226,6642148,1
3010073,Bankplassen (i Kirkegata),BAP,OSL,1,597420,6642479,1
3010074,Bankplassen (i Kongens gate),BAPL,OSL,1,597356,6642568,1
3010075,Christiania torv,CHT,OSL,1,597278,6642796,1
3010077,Rådhusplassen (trikk),RÅP1,OSL,1,597071,6642761,1
3010082,Arne Garborgs pl (ved Akersgata),ARGP,OSL,1,597566,6643400,1
3010083,Keysers gate,KEYG,OSL,1,597518,6643453,0
3010090,Bryggetorget,BRT,OSL,1,596315,6642619,1
3010093,Vika Atrium,VAT,OSL,1,596440,6642770,1
3010095,Filipstad (fergeterminalen),FIL,OSL,1,595578,6642499,1
3010096,Filipstadveien (ved Banan-Mat),FILV,OSL,1,595808,6642448,1
3010105,Inkognitogata,IKG,OSL,1,596239,6643282,1
3010110,Solli,SO,OSL,1,596120,6643176,1
3010111,Skovveien,SKOV,OSL,1,595961,6643195,1
3010112,Lapsetorvet (i Frognerveien),LAT,OSL,1,596030,6643208,1
3010114,Niels Juels gate,NJG,OSL,1,595901,6643336,1
3010120,Skillebekk (på Drammensveien),SB,OSL,1,595659,6642939,1
3010122,Skarpsno,SKA,OSL,1,595198,6643092,1
3010123,Nobels gate,NOG,OSL,1,594969,6643454,1
3010125,Observatoriegata,OBSG,OSL,1,596162,6642954,1
3010126,Vikatorvet,VIKT,OSL,1,596416,6642961,1
3010131,Elisenberg (i Frognerveien),ELB,OSL,1,595534,6643678,1
3010132,Frogner kirke,FK,OSL,1,595465,6643475,1
3010133,Odins gate,ODG,OSL,1,595248,6643667,1
3010134,Lille Frogner alle,LIFA,OSL,1,595708,6643532,1
3010140,Olav Kyrres plass,OKP,OSL,1,594924,6643635,1
3010143,Karenslyst alle,KLYA,OSL,1,594403,6643522,1
3010144,Frognerkilen,FKIL,OSL,1,594321,6643356,1
3010146,Kongsgården,KSGÅ,OSL,1,594010,6642505,1
3010151,Huk,HUK,OSL,1,593659,6641294,1
3010152,Ro,RO,OSL,1,593739,6641562,1
3010153,Frimurerhjemmet,FRIH,OSL,1,593914,6641599,1
3010154,Bygdøhus,BYH,OSL,1,594085,6641625,1
3010155,Fredriksborg,FRB,OSL,1,594353,6641852,1
3010156,Vikingskipene,VIKS,OSL,1,594340,6641998,1
3010157,Folkemuseet,FM,OSL,1,594369,6642294,1
3010160,Dronningen [båt],DRO,OSL,1,594850,6642310,0
3010161,Bygdøynes [båt],BYN1,OSL,1,595130,6641950,0
3010162,Bygdøynes (ved KonTiki-museet),BYN2,OSL,1,594980,6641854,1
3010163,Herbernveien,HERV,OSL,1,594803,6641702,1
3010164,Langvik,LAV,OSL,1,594402,6641664,1
3010170,Hovedøya,HOØ,OSL,1,596850,6641430,0
3010171,Lindøya vest,LIØV,OSL,1,595490,6640390,0
3010172,Nakholmen,NAKH,OSL,1,594920,6640495,0
3010174,Bleikøya,BLEI,OSL,1,597100,6640320,0
3010175,Gressholmen,GREH,OSL,1,596530,6640030,0
3010176,Lindøya øst,LIØØ,OSL,1,596220,6640560,0
3010200,Majorstuen [T-bane],MJ,OSL,1,595831,6644886,2
3010201,Majorstuen (i Kirkeveien),MAJK,OSL,1,595919,6644765,1
3010202,Majorstuen (i Sørkedalsveien),MAJS,OSL,1,595782,6644811,1
3010203,Majorstuen (i Valkyriegata),MAJV,OSL,1,595888,6644851,1
3010211,Welhavens gate,WG,OSL,1,596700,6643905,1
3010212,Homansbyen (i Hegdehaugsveien),HBY,OSL,1,596516,6644065,1
3010213,Homansbyen (i Josefines gate),HOBY,OSL,1,596566,6644162,1
3010215,Rosenborg,ROB,OSL,1,596335,6644322,1
3010217,Schultz gate,SG,OSL,1,596157,6644533,1
3010220,Frogner plass,FP,OSL,1,595308,6643976,1
3010221,Vigelandsparken,VIGE,OSL,1,595499,6644257,1
3010222,Frogner stadion,FST,OSL,1,595725,6644542,1
3010230,Briskeby,BY,OSL,1,596050,6643757,1
3010231,Uranienborgveien (Holtegata),URAV,OSL,1,596361,6644225,1
3010232,Uranienborgveien (Josefines gt),URBV,OSL,1,596341,6643935,1
3010233,Riddervolds plass (Ridderv. gt),RIP,OSL,1,596177,6643635,1
3010234,Riddervolds plass (Skovveien),RIDP,OSL,1,596112,6643581,1
3010305,Frydenlund (midlertidig),FRYL,OSL,1,596815,6644020,1
3010306,Dalsbergstien (i Pilestredet),DALS,OSL,1,596800,6644161,1
3010307,Høyskolesenteret,HØYS,OSL,1,596889,6643873,1
3010311,Bislett (i Louises gate),BISL,OSL,1,596813,6644413,1
3010312,Bislett (i Thereses gt),BI,OSL,1,596762,6644420,1
3010313,Stensgata,STG,OSL,1,596860,6644827,1
3010314,Adamstuen,AD,OSL,1,596949,6645178,1
3010315,Sofies plass,SOP,OSL,1,596995,6644228,1
3010320,St. Hanshaugen (ved Markus krk),STH,OSL,1,597252,6644222,1
3010321,St. Hanshaugen (ved Bergstien),STHA,OSL,1,597366,6644269,1
3010323,Stensberggata,STBG,OSL,1,597344,6644041,1
3010324,Nordahl Bruns gate,NOBG,OSL,1,597486,6643697,1
3010326,Colletts gate,COLG,OSL,1,597190,6644555,1
3010330,Alexander Kiellands plass,AKP,OSL,1,597777,6644722,1
3010331,Telthusbakken,TELT,OSL,1,597857,6644295,1
3010332,Falck Ytters plass,FYP,OSL,1,597530,6644439,1
3010333,Evald Ryghs gate,ERG,OSL,1,597747,6644987,1
3010335,Lovisenberg,LOV,OSL,1,597401,6644986,1
3010336,Tannlegehøyskolen,TANN,OSL,1,597362,6645217,1
3010340,Ullevål sykehus (i Kirkeveien),USYK,OSL,1,596998,6645552,1
3010341,Ullevål sykehus (i Sognsveien),USY,OSL,1,596784,6645575,1
3010342,Vestre Aker kirke (øst f.kryss),VAKI,OSL,1,596683,6645424,1
3010343,Vestre Aker kirke (vest f.kryss),VAK,OSL,1,596561,6645407,1
3010344,Marienlyst,MA,OSL,1,596355,6645129,1
3010345,Lindern,LIND,OSL,1,597443,6645404,1
3010346,Fayes gate,FAYG,OSL,1,597380,6645480,1
3010350,John Colletts plass,JCP,OSL,1,596627,6646032,1
3010352,Ullevålsalleen,UA,OSL,1,596680,6645764,1
3010360,Blindern [T-bane],BLI,OSL,1,595877,6645977,2
3010363,Halvor Blinderens plass,HBLP,OSL,1,596303,6645697,1
3010365,Universitetet Blindern,UBL,OSL,1,596366,6646215,1
3010370,Forskningsparken [T-bane],FOP,OSL,1,596132,6646383,2
3010371,Forskningsparken [trikk],FOPT,OSL,1,596143,6646406,1
3010373,Eventyrveien (i Sognsvn),EVV,OSL,1,596723,6646475,1
3010375,Domus Athletica,DA,OSL,1,596190,6646805,1
3010401,Kingos gate,KING,OSL,1,597874,6644745,1
3010402,Lofotgata,LOFG,OSL,1,597944,6644916,1
3010404,Søren Jaabæks gate,SØJG,OSL,1,598077,6645203,1
3010405,Arkitekt Rivertz plass (Uel. gt),ARP,OSL,1,597777,6645391,1
3010406,Arkitekt Rivertz plass (Gri. gt),ARPL,OSL,1,597788,6645393,1
3010407,Vøyenbrua,VØYB,OSL,1,598278,6645243,1
3010410,Sagene (i Kierschowsgt),S,OSL,1,597850,6645756,1
3010412,Sagene (i Uelands gt),SA,OSL,1,597785,6645799,1
3010415,Voldsløkka,VLØ,OSL,1,597787,6646083,1
3010420,Bjølsen (i Bergensgata),BJ,OSL,1,598311,6646318,1
3010421,Moldegata,MOG,OSL,1,598231,6646416,1
3010423,Advokat Dehlis plass,ADP,OSL,1,598298,6645938,1
3010425,Arendalsgata,ADG,OSL,1,598263,6645750,1
3010427,Badebakken,BAB,OSL,1,598333,6646677,1
3010428,Kristoffer Aamots bro,KAAB,OSL,1,598559,6646805,1
3010430,Torshov (ved Vogts gate),TH,OSL,1,598619,6645500,1
3010434,Vogts gate,VOG,OSL,1,598539,6645119,1
3010435,Lilleborg kirke,LILK,OSL,1,598758,6645057,1
3010436,Torshovparken,THP,OSL,1,598854,6645298,1
3010437,Sæveruds plass,SÆP,OSL,1,599150,6645523,1
3010440,Sandaker senter,SAKS,OSL,1,598840,6645949,1
3010441,Nordpolen skole,NOSK,OSL,1,599062,6646062,1
3010442,Haarklous plass,HAAP,OSL,1,599129,6645806,1
3010443,Grefsenveien,GV,OSL,1,599078,6646362,1
3010445,Sandaker (i Sandakerveien),SAK,OSL,1,598910,6646258,1
3010446,Lillo gård,LILG,OSL,1,598999,6646595,1
3010447,Nycoveien,NYCV,OSL,1,598995,6646837,1
3010448,Kristoffer Aamots gate,KAAG,OSL,1,598861,6646823,1
3010449,Treschows bru,TRES,OSL,1,598860,6646194,1
3010450,Brochmanns gate,BROG,OSL,1,598463,6646093,1
3010452,Sagenehjemmet,SAHJ,OSL,1,598498,6646211,1
3010453,Bjølsendumpa,BJDU,OSL,1,598607,6646460,1
3010465,Storo senter,STSE,OSL,1,599198,6646735,1
3010467,Oskar Braatens plass,OBP,OSL,1,598459,6645386,1
3010510,Hausmanns gate,HAG,OSL,1,598261,6643399,1
3010511,Nybrua,NBR,OSL,1,598371,6643687,1
3010512,Schous plass,SP,OSL,1,598357,6643896,1
3010513,Olaf Ryes plass,ORP,OSL,1,598346,6644151,1
3010514,Calmeyers gate,CAG,OSL,1,598169,6643460,1
3010515,Jakob kirke,JAK,OSL,1,598047,6643595,1
3010516,Møllerveien,MØV,OSL,1,597916,6643863,1
3010519,Birkelunden (i Toftes gt),BILU,OSL,1,598436,6644583,1
3010520,Birkelunden [trikk],BLU,OSL,1,598387,6644612,1
3010521,Sannergata,SANG,OSL,1,598335,6644742,1
3010522,Christies gate,CHG,OSL,1,598548,6644779,1
3010523,Fagerheimgata,FAG,OSL,1,598727,6644789,1
3010524,Dælenenga,DÆL,OSL,1,598705,6644664,1
3010525,Københavngata,KØG,OSL,1,598897,6644845,1
3010527,Biermanns gate,BIEG,OSL,1,598429,6644975,1
3010531,Heimdalsgata,HDG,OSL,1,598454,6643634,1
3010532,Lakkegata skole,LAKS,OSL,1,598865,6643893,1
3010533,Sofienberg (i Trondheimsvn),SOFB,OSL,1,599041,6644154,1
3010536,Helgesens gate,HG,OSL,1,599243,6644019,1
3010600,Tøyen [T-bane],TØY,OSL,1,599290,6643320,2
3010601,Tøyen (i Kjølberggata),TØYN,OSL,1,599360,6643240,1
3010602,Tøyen skole,TØYS,OSL,1,599157,6643277,1
3010604,Sigurds gate,SIGT,OSL,1,599289,6643080,1
3010605,Munchmuseet,MUNC,OSL,1,599296,6643483,1
3010610,Grønland [T-bane],GRØ,OSL,1,598430,6643010,2
3010613,Tøyengata,TØYG,OSL,1,598672,6642968,1
3010614,Norbygata,NORG,OSL,1,598686,6643033,1
3010615,Tøyenkirken,TØYK,OSL,1,598922,6643242,1
3010617,Bussterminalen Grønland,BUSG,OSL,1,598382,6642823,1
3010619,Oslo Bussterminal,OBUS,OSL,1,598384,6642874,1
3010620,St. Halvards plass,STHP,OSL,1,598878,6642275,1
3010621,Ladegården,LAG,OSL,1,598628,6642307,1
3010622,Dyvekes bro,DYB,OSL,1,598943,6642201,1
3010624,Oslo gate,OG,OSL,1,598957,6642527,1
3010625,Munkegata,MUG,OSL,1,598876,6642520,1
3010626,Politihuset,POL,OSL,1,598863,6642734,1
3010627,Harald Hårdrådes plass,HHP,OSL,1,599143,6642442,1
3010630,Oslo Hospital,OH,OSL,1,598867,6641951,1
3010640,Galgeberg (i Jordalgata),GA,OSL,1,599545,6642522,1
3010641,Galgeberg (i Strømsveien),GAB,OSL,1,599666,6642490,1
3010642,Vålerenga,VÅL,OSL,1,599950,6642608,1
3010643,Etterstadgata,ETTG,OSL,1,600162,6642739,1
3010646,Kjølberggata,KJØG,OSL,1,599394,6642828,1
3010647,St. Halvardshjemmet,STHH,OSL,1,599260,6642311,1
3010648,Kværnerbyen,KVBY,OSL,1,599840,6642132,1
3010650,Kværner,KV,OSL,1,600067,6641847,1
3010652,Lodalen,LOD,OSL,1,599449,6641986,1
3010656,Eirik Raudes vei,ERV,OSL,1,600471,6641901,1
3010661,Brinken,BRI,OSL,1,599475,6642907,1
3010662,Kampen kirke,KAMK,OSL,1,599602,6642969,1
3010663,Kampen,KAM,OSL,1,599531,6642940,1
3010664,Norderhovgata,NOHG,OSL,1,599491,6643112,1
3010665,Kampens park,KAP,OSL,1,599612,6643244,1
3010710,Sjømannsskolen [trikk],SJØ,OSL,1,598424,6641332,1
3010713,Kongshavn,KOH,OSL,1,598402,6640936,1
3010720,Jomfrubråten [trikk],JOM,OSL,1,599086,6640317,1
3010722,Ekeberghallen,EHL,OSL,1,599642,6640624,1
3010723,Ekeberg Camping,EC,OSL,1,599354,6641367,1
3010724,Brannfjellveien,BFV,OSL,1,599216,6641640,1
3010725,Utsikten,UTS,OSL,1,599544,6641657,1
3010726,Simensbrekka,SIMB,OSL,1,599696,6641719,1
3010727,Ryenbergveien,RYBV,OSL,1,599926,6641731,1
3010730,Sportsplassen [trikk],SPP,OSL,1,599286,6640053,1
3010732,Bekkelagsveien,BKLV,OSL,1,599001,6639885,1
3010733,Nedre Bekkelaget (vestsiden),NEDB,OSL,1,599195,6639547,1
3010734,Nedre Bekkelaget (østsiden),NBKL,OSL,1,599275,6639460,1
3010735,Ulvøybrua,ULVB,OSL,1,599610,6638642,1
3010736,Ulvøya,ULVØ,OSL,1,599284,6638301,1
3010740,Holtet [trikk],HT,OSL,1,599813,6639643,1
3010741,Holtet (i Ekebergveien),HOLT,OSL,1,600030,6639511,1
3010742,Åsliveien,ÅSV,OSL,1,600224,6639365,1
3010743,Holtet [morgenbuss],HTST,OSL,1,599796,6639617,1
3010745,Bekkelagshjemmet,BEKH,OSL,1,599897,6640017,1
3010746,Brannfjell skole,BFSK,OSL,1,599773,6640311,1
3010751,Malmøya,MALM,OSL,1,598429,6638610,1
3010752,Malmøysundet,MALS,OSL,1,598527,6638762,1
3010753,Kirkebakken,KIRB,OSL,1,598755,6639179,1
3010754,Mailand,MAIL,OSL,1,598814,6639373,1
3010755,Ormsundbakken,OSB,OSL,1,599082,6639562,1
3010760,Simensbråten,SIB,OSL,1,599981,6641113,1
3010761,Lyngveien,LYNV,OSL,1,600289,6641346,1
3010762,Benveien,BENV,OSL,1,600568,6641343,1
3010763,Oluf Onsums vei,OOV,OSL,1,600804,6641158,1
3010766,Ekeberg hageby,EH,OSL,1,599661,6641328,1
3010771,Karlsrud (i Raschs vei),KARU,OSL,1,600823,6639387,1
3010773,Skogholtveien,SKHV,OSL,1,600555,6639394,1
3010781,Brattlikollen T [buss],BRAK,OSL,1,600744,6640126,1
3010810,Nordstrand [tog],NORS,OSL,1,599970,6637645,3
3010813,Nordstrand bad,NORB,OSL,1,599866,6637895,1
3010815,Vølund,VØL,OSL,1,599999,6637226,1
3010820,Ljan [tog],LJA,OSL,1,599986,6636420,3
3010821,Katten,KATT,OSL,1,599959,6636650,1
3010822,Ljansbakken,LJBK,OSL,1,599817,6636153,1
3010823,Gladvollveien,GLVV,OSL,1,599657,6635839,1
3010824,Fiskevollen,FIV,OSL,1,599665,6635035,1
3010825,Siksakveien,SSAV,OSL,1,600016,6636588,1
3010830,Sørli [trikk],SØL,OSL,1,600050,6638830,1
3010831,Sørli [buss],SØRL,OSL,1,600174,6638907,1
3010840,Kastellet [trikk],KAS,OSL,1,600243,6638407,1
3010841,Kastellet [buss],KAST,OSL,1,600291,6638323,1
3010843,Nordseter gård,NOSG,OSL,1,600527,6638399,1
3010844,Nordsetergrenda,NOGR,OSL,1,600652,6638443,1
3010846,Ringshusveien,RHUV,OSL,1,600835,6638575,1
3010850,Bråten [trikk],BRÅ,OSL,1,600372,6637977,1
3010851,Skovheim,SKOH,OSL,1,600579,6637771,1
3010852,Bråten [buss],BRÅT,OSL,1,600448,6637955,1
3010855,Nordstrandhallen,NH,OSL,1,601323,6637670,1
3010856,Freidigveien,FRV,OSL,1,601315,6637852,1
3010857,Bakkerudveien,BAKV,OSL,1,601227,6638219,1
3010860,Sæter [trikk],SÆT,OSL,1,600727,6637374,1
3010861,Sæter (i Nordstrandvn),SÆTN,OSL,1,600973,6637276,1
3010862,Munkerud,MUR,OSL,1,601416,6637243,1
3010863,P. A. Holms vei,PAHV,OSL,1,601666,6637336,1
3010864,Munkerudkleiva,MURK,OSL,1,601932,6637386,1
3010865,Øgården,ØG,OSL,1,602124,6637453,1
3010866,Leirskallen,LEIR,OSL,1,602341,6637491,1
3010867,Sæter (i Ekebergvn),SÆTER,OSL,1,600807,6637355,1
3010870,Ljabru [trikk],LJ,OSL,1,600884,6636474,1
3010871,Ljabru [buss],LJAB,OSL,1,600929,6636498,1
3010872,Knud Øyens vei,KØV,OSL,1,600799,6636223,1
3010876,Nordstrand kirke,NORK,OSL,1,600908,6636957,1
3010880,Ingiers vei,INGV,OSL,1,600212,6635985,1
3010885,Kronveien,KROV,OSL,1,600765,6636078,1
3010895,Maikollen,MAI,OSL,1,602191,6637058,1
3010896,Granebakken,GRAB,OSL,1,602230,6636913,1
3010897,Olasrudveien,OLAV,OSL,1,602389,6636398,1
3010905,Hvervenbukta,HVB,OSL,1,599475,6634299,1
3010909,Skillebekk (gml Mossevei),SKIBE,OSL,1,599364,6633173,1
3010910,Hauketo [tog],HTO,OSL,1,601030,6635710,3
3010911,Hauketo stasjon [buss],HTOS,OSL,1,601043,6635654,1
3010912,Asperudveien,ASPV,OSL,1,601000,6635430,1
3010913,Sveavegen,SVEV,OSL,1,601168,6634984,1
3010914,Lerdal,LERD,OSL,1,601251,6634676,1
3010915,Ljabru hovedgård,LJH,OSL,1,601040,6636001,1
3010916,Nebbejordet,NEBJ,OSL,1,601600,6635319,1
3010917,Asperudåsen,ASÅS,OSL,1,600830,6635005,1
3010918,Asperudtoppen,ASTO,OSL,1,600915,6634819,1
3010919,Lerdalstoppen,LETO,OSL,1,600940,6634595,1
3010920,Holmlia [tog],HO,OSL,1,600725,6634378,3
3010921,Holmlia stasjon [buss],HOS,OSL,1,600713,6634395,1
3010922,Skovbakken syd (i Ravnåsveien),SKBS,OSL,1,600576,6634676,1
3010923,Ravnkroken,RAKR,OSL,1,600320,6634621,1
3010924,Ravnåsen,RAÅ,OSL,1,600154,6634721,1
3010925,Sloreåsen,SLOÅ,OSL,1,600584,6635202,1
3010926,Skovbakken nord (i Hallagervn),SKOB,OSL,1,600588,6634996,1
3010927,Hallagerbakken,HALB,OSL,1,600524,6635098,1
3010928,Liakollveien,LIKV,OSL,1,600760,6634360,1
3010929,Krummedike,KRUM,OSL,1,600860,6633552,1
3010930,Rosenholm [tog],ROH,OSL,1,600790,6633110,3
3010931,Rosenholm stasjon [buss],ROHS,OSL,1,600694,6633061,1
3010932,Nordåsveien,NÅSV,OSL,1,600570,6633839,1
3010933,Rosenholmveien,ROHV,OSL,1,600509,6633839,1
3010934,Åstun,ÅST,OSL,1,600257,6633917,1
3010935,Vestskrenten,VSKR,OSL,1,599880,6633778,1
3010936,Grensestien,GSTI,OSL,1,599769,6633547,1
3010937,Åsbråten,ÅSB,OSL,1,599934,6633418,1
3010940,Prinsdal,PRD,OSL,1,601310,6634326,1
3010941,Prinsdalsbakken,PRDB,OSL,1,601402,6633756,1
3010942,Trygve Strømbergs vei,TSTV,OSL,1,601440,6633393,1
3010943,Berglyveien,BLYV,OSL,1,601270,6633730,1
3010944,Høgåsveien,HØGV,OSL,1,601107,6633918,1
3010945,Toppåsveien,TOPV,OSL,1,601132,6633644,1
3010946,Nordbråtan,NBRÅ,OSL,1,601181,6633295,1
3010947,Liakollen,LIK,OSL,1,600863,6633774,1
3010950,Mortensrud [T-bane],MOR,OSL,1,602509,6636045,2
3010951,Mortensrud T [buss],MORT,OSL,1,602476,6636072,1
3010952,Gamle bygdevei,GBV,OSL,1,602515,6636108,1
3010953,Lofsrudhøgda,LHØ,OSL,1,602447,6635800,1
3010954,Brunas vei,BRUV,OSL,1,602528,6635486,1
3010955,Blakkens vei,BLAV,OSL,1,602632,6635224,1
3010956,Oredalen,ORED,OSL,1,602486,6635017,1
3010957,Bjørnerud,BJR,OSL,1,601935,6635433,1
3010959,Lofsrud  (på E6),LOF,OSL,1,602952,6635514,1
3010960,Mortensrudkrysset (øst for E6),MO,OSL,1,602868,6636090,1
3010961,Mortensrudkrysset (Mortensrudvn),MORK,OSL,1,602682,6636165,1
3010962,Dalsåsen (under E6),DALÅ,OSL,1,602856,6636119,1
3010963,Stenbråten,STEN,OSL,1,602229,6636058,1
3010964,Kantarellen legesenter,KATL,OSL,1,601769,6635960,1
3010965,Kantarellen terrasse,KATE,OSL,1,601670,6635973,1
3010966,Kantarellen,KANT,OSL,1,601572,6636102,1
3010967,Tangen (i Mortensrudvn),TANG,OSL,1,601432,6635839,1
3010969,Bjørnholt nedre,BJHN,OSL,1,602857,6634613,1
3010970,Bjørnholt øvre,BJHØ,OSL,1,602810,6634622,1
3010972,Nyjordet,NYJ,OSL,1,602993,6633971,1
3010973,Bjørndal senter,BJDS,OSL,1,602912,6633458,1
3010974,Meklenborg,MEKL,OSL,1,602921,6633233,1
3010975,Bjørndal,BJD,OSL,1,603157,6632946,1
3010976,Langteigåsen,LTÅ,OSL,1,603184,6632570,1
3010977,Bjørnholt skole,BJHS,OSL,1,603020,6634400,1
3010978,Søndre Dal,SDAL,OSL,1,602924,6636262,1
3010979,Nordre Dal,NDAL,OSL,1,603032,6636555,1
3010980,Lille Dal,LDAL,OSL,1,603109,6636754,1
3010981,Klemetsrud skole,KLSK,OSL,1,603346,6634388,1
3010982,Sørliveien,SØLV,OSL,1,603243,6634533,1
3010983,Maurtuveien,MAUV,OSL,1,603794,6634190,1
3010984,Godheim,GM,OSL,1,604253,6634260,1
3010985,Store Stensrud,STST,OSL,1,604637,6633790,1
3010986,Hanåveien,HANV,OSL,1,604984,6633272,1
3010987,Lille Stensrud,LST,OSL,1,605241,6632836,1
3010990,Sværsvann bru,SVÆB,OSL,2S,605981,6632621,1
3010991,Sværsvann,SVÆ,OSL,2S,605841,6632690,1
3010992,Engersbråten,ENGB,OSL,2S,605572,6632214,1
3010993,Dalssvingen,DALI,OSL,1,602932,6636208,1
3010994,Dalsroa,DALR,OSL,1,603111,6635943,1
3010995,Brenna,BREN,OSL,1,603225,6635743,1
3010996,Bratli,BRAT,OSL,1,603313,6635511,1
3010997,Pasop,PAS,OSL,1,603446,6635295,1
3011001,Karlsrud T [buss],KART,OSL,1,601069,6639391,1
3011009,Lambertseter (C. Thoresens vei),LAMB,OSL,1,601446,6638768,1
3011011,Lambertseter T [buss],LAMT,OSL,1,601352,6638707,1
3011012,Lambertseter senter,LAMS,OSL,1,601485,6638625,1
3011013,Gina Krogs vei,GIKV,OSL,1,601669,6638919,1
3011014,Søndre Hellerud,SHEL,OSL,1,601109,6638491,1
3011015,Lambertseterveien,LAMV,OSL,1,601164,6638511,1
3011016,Mylskerudveien,MYLV,OSL,1,601065,6638868,1
3011017,Karlsrudveien,KARV,OSL,1,600930,6639273,1
3011021,Munkelia T [buss],MUNT,OSL,1,601538,6638126,1
3011025,Langbølgen,LABØ,OSL,1,601617,6637811,1
3011031,Bergkrystallen T [buss],BKRT,OSL,1,602000,6637921,1
3011032,Blåfjellet,BLÅF,OSL,1,601623,6638286,1
3011033,Mellombølgen,MELB,OSL,1,601645,6638315,1
3011034,Glimmerveien,GLIV,OSL,1,601929,6638371,1
3011035,Feltspatveien,FSPV,OSL,1,601933,6638670,1
3011036,Marmorveien,MARV,OSL,1,601980,6638831,1
3011037,Nylænde,NYLÆ,OSL,1,601859,6638969,1
3011109,Vilbergveien,VIBV,OSL,1,603330,6640850,1
3011110,Ulsrud [T-bane],ULS,OSL,1,603498,6640550,2
3011111,Ulsrud T [buss],ULST,OSL,1,603476,6640566,1
3011112,Østbyveien,ØBV,OSL,1,603154,6640460,1
3011113,Jøranstien,JØRS,OSL,1,602835,6640446,1
3011115,Østmarkveien,ØMV,OSL,1,603803,6640880,1
3011116,Olav Nygards veg,ONV,OSL,1,603652,6640461,1
3011120,Bøler [T-bane],BØL,OSL,1,603265,6639950,2
3011121,Bøler T [buss],BØLT,OSL,1,603205,6639881,1
3011122,Bølerskrenten,BØLS,OSL,1,603225,6639809,1
3011126,Bøler eldresenter,BØLE,OSL,1,603320,6639872,1
3011127,Martin Linges vei,MLV,OSL,1,602969,6639540,1
3011130,Bogerud [T-bane],BOG,OSL,1,603112,6639006,2
3011131,Bogerud T [buss],BOGT,OSL,1,603123,6638940,1
3011136,Welding Olsens vei,WOV,OSL,1,603434,6638436,1
3011137,Skullerudveien,SKUV,OSL,1,603265,6638080,1
3011140,Skullerud [T-bane],SKU,OSL,1,603036,6637957,2
3011141,Skullerud T [buss],SKUT,OSL,1,603025,6637985,1
3011142,Johan Scharffenbergs vei,JSV,OSL,1,602959,6638135,1
3011143,Langerud sykehjem,LASY,OSL,1,602794,6638288,1
3011144,Paal Bergs vei,PBV,OSL,1,602575,6638527,1
3011145,Skullerudbakken,SKUB,OSL,1,602859,6637649,1
3011146,Skullerudkrysset,SKUK,OSL,1,602597,6637634,1
3011200,Ryen [T-bane],RYE,OSL,1,601000,6641181,2
3011201,Ryen T (i Store ringvei),RYET,OSL,1,601028,6641128,1
3011202,Ryen T (i Europaveien),RYT,OSL,1,600963,6641188,1
3011203,Ryen (i Enebakkveien),RYEN,OSL,1,600871,6641178,1
3011204,Ryenberget,RYEB,OSL,1,600850,6641396,1
3011205,Ryensvingen,RYES,OSL,1,601037,6641031,1
3011206,Sandstuveien,SANV,OSL,1,601277,6640670,1
3011210,Manglerud [T-bane],MAN,OSL,1,601390,6641435,2
3011211,Manglerud T  (i Store ringvei),MAT,OSL,1,601453,6641448,1
3011213,Manglerud senter,MANS,OSL,1,601490,6641290,1
3011214,Traktorveien,TRKV,OSL,1,601278,6641574,1
3011215,Manglerudveien,MANV,OSL,1,600880,6641627,1
3011216,Furuveien,FURV,OSL,1,600850,6642084,1
3011217,Rugveien,RUGV,OSL,1,601709,6641188,1
3011220,Høyenhall [T-bane],HØY,OSL,1,601758,6642378,2
3011221,Høyenhall T [buss],HØYT,OSL,1,601751,6642452,1
3011222,Bryn senter (i Østensjøvn),BRS,OSL,1,601890,6642242,1
3011223,Bryn senter (senteret),BRYS,OSL,1,601914,6642069,1
3011224,Rognerud,ROGD,OSL,1,602104,6641885,1
3011226,Manglerud skole,MASK,OSL,1,601898,6641030,1
3011227,Skuronnveien,SKRV,OSL,1,601944,6640757,1
3011228,Treskeveien,TREV,OSL,1,601754,6640471,1
3011230,Abildsø,AS,OSL,1,602205,6639442,1
3011232,Smedberg,SMB,OSL,1,601755,6639957,1
3011233,Alleen,ALL,OSL,1,601539,6640352,1
3011235,Bogerudmyra,BOGM,OSL,1,602651,6639687,1
3011236,Lille Langerud,LL,OSL,1,602350,6639034,1
3011237,Langerudveien,LARV,OSL,1,602433,6638763,1
3011310,Godlia,GOD,OSL,1,602679,6642472,2
3011320,Skøyenåsen [T-bane],SÅS,OSL,1,602750,6641651,2
3011321,Skøyenåsen T [buss],SÅST,OSL,1,602769,6641755,1
3011322,Skøyenkroken,SKØK,OSL,1,602905,6641499,1
3011323,Skøyenåsveien,SÅSV,OSL,1,602991,6641587,1
3011324,Skøyenlia,SLIA,OSL,1,602986,6641933,1
3011325,Solhøgda,SHØG,OSL,1,603339,6641878,1
3011326,Oppsal skole,OPSK,OSL,1,603249,6641402,1
3011327,Østensjø skole,ØSK,OSL,1,602498,6641596,1
3011329,Oppsal kirke,OPKI,OSL,1,603035,6641806,1
3011330,Oppsal [T-bane],OPP,OSL,1,602980,6640882,2
3011332,Oppsal senter,OPPS,OSL,1,602980,6640931,1
3011333,Løypeveien,LØYV,OSL,1,603024,6641217,1
3011334,Vetlandsveien,VEV,OSL,1,603320,6641725,1
3011335,Solbergliveien,SBV,OSL,1,603544,6641755,1
3011336,Kampheimveien,KHV,OSL,1,603637,6641482,1
3011337,Eftasåsen,EFÅ,OSL,1,603735,6641308,1
3011400,Carl Berners plass [T-bane],CBP,OSL,1,599400,6644460,2
3011401,Carl Berners plass (i Trondh.vn),CBPT,OSL,1,599313,6644586,1
3011402,Carl Berners plass (Chr.Mich.gt),CBPC,OSL,1,599225,6644557,1
3011405,Rosenhoff,ROHF,OSL,1,599383,6644995,1
3011407,Sinsenterrassen,SSTE,OSL,1,599427,6645416,1
3011408,Rødstuveien,RØSV,OSL,1,599707,6644841,1
3011409,Fjellhaug,FJHA,OSL,1,599750,6644992,1
3011410,Hasle [T-bane],HAS,OSL,1,600268,6644330,2
3011411,Hasle (i Grenseveien),HASG,OSL,1,600204,6644226,1
3011412,Hasle (Økernveien),HAST,OSL,1,600215,6644353,1
3011413,Haslevangen (i Økernveien),HAVA,OSL,1,600329,6644464,1
3011415,Einars vei,EINV,OSL,1,599945,6644362,1
3011416,Fougners vei,FOUV,OSL,1,599569,6644378,1
3011417,Carl Berners plass T [buss],CBPH,OSL,1,599419,6644458,1
3011420,Tøyen [tog],TØYE,OSL,1,599547,6643924,3
3011421,Tøyen stasjon  (i Økernveien),TØST,OSL,1,599585,6643840,1
3011422,Ensjøveien,ENSV,OSL,1,599536,6643483,1
3011425,Hasle kirke,HASK,OSL,1,599854,6644065,1
3011430,Ensjø [T-bane],ENS,OSL,1,599973,6643154,2
3011434,St. Jørgens vei,STJV,OSL,1,600269,6643985,1
3011435,Lillebergsvingen,LISV,OSL,1,600392,6643696,1
3011436,Valle,VA,OSL,1,600638,6643613,1
3011437,Grensesvingen,GRSV,OSL,1,600694,6643286,1
3011438,Fyrstikktorget (i Grenseveien),FYRT,OSL,1,600688,6643169,1
3011439,Helsfyr T (nordsiden av Strømsv),HFYR,OSL,1,600651,6643096,1
3011440,Helsfyr [T-bane],HFY,OSL,1,600740,6643070,2
3011441,Helsfyr T [bussterminal],HF,OSL,1,600722,6643065,1
3011442,Helsfyr (i Etterstadsletta),HEFY,OSL,1,600679,6642999,1
3011443,Etterstad skole,ETSK,OSL,1,600389,6642704,1
3011444,Etterstad vest,ETTV,OSL,1,600492,6642411,1
3011445,Etterstad sør,ETTS,OSL,1,600777,6642494,1
3011446,Etterstadkroken,ETTK,OSL,1,600871,6642727,1
3011450,Brynseng [T-bane],BRY,OSL,1,601375,6642687,2
3011451,Brynseng T (i Østensjøveien),BRYT,OSL,1,601438,6642736,1
3011452,Brynsengveien (ved Tvetenvn),BRYV,OSL,1,601550,6643015,1
3011453,Brynsengveien (i Brynsengvn),BRV,OSL,1,601536,6642949,1
3011454,Bryn brannstasjon,BBRA,OSL,1,601428,6643084,1
3011455,Teisenkrysset (Ringvn mot syd),TEKRS,OSL,1,601324,6643526,1
3011456,Teisenkrysset (Strømsvn mot øst),TEIK,OSL,1,601232,6643559,1
3011457,Teisenkrysset (rampe),TEIKR,OSL,1,601164,6643671,1
3011458,Teisenkrysset (Ringv mot nord),TEKRN,OSL,1,601220,6643643,1
3011459,Teisenkrysset (Strvn. mot sentr),TEIKS,OSL,1,601299,6643634,1
3011460,Bryn [tog],BRN,OSL,1,601700,6642605,3
3011465,Tveten bru,TVEB,OSL,1,602017,6643107,1
3011466,Klosterheim,KLH,OSL,1,601781,6643100,1
3011467,Bryn skole,BRSK,OSL,1,601975,6643236,1
3011471,Prost Hallings vei,PHV,OSL,1,601762,6643495,1
3011472,Ulvenkrysset (nordsiden),UK,OSL,1,601559,6643777,1
3011473,Ulvenkrysset (sydsiden),ULKR,OSL,1,601544,6643746,1
3011474,Fjellhus,FJH,OSL,1,602063,6644013,1
3011475,Ole Deviks vei,ODV,OSL,1,602344,6644238,1
3011476,Caspar Storms vei,CSV,OSL,1,602305,6643892,1
3011477,Fretex,FREX,OSL,1,602155,6643564,1
3011482,Sinsen kirke,SISK,OSL,1,599963,6645145,1
3011484,Løren,LØR,OSL,1,600221,6645009,1
3011485,Frydenbergveien,FRYB,OSL,1,600130,6644878,1
3011486,Økernkrysset (i Lørenvn),ØKEKR,OSL,1,600616,6644875,1
3011510,Hellerud [T-bane],HEL,OSL,1,602385,6642820,2
3011511,Hellerud (i Tvetenveien),HELR,OSL,1,602368,6642881,1
3011512,Tveten gård,TVEG,OSL,1,602718,6642946,1
3011513,Lønnealleen,LØNN,OSL,1,602578,6642922,1
3011514,Simon Darres vei,SDV,OSL,1,602489,6643280,1
3011515,Kristins vei,KRIV,OSL,1,602651,6643565,1
3011516,Lavrans vei,LAVV,OSL,1,603038,6644022,1
3011517,Gunnulvs vei,GUNV,OSL,1,603211,6643902,1
3011518,Nåkkves vei,NÅKV,OSL,1,603209,6643750,1
3011520,Tveita [T-bane],TVE,OSL,1,602980,6643250,2
3011521,Tveita T (foran senteret),TVET,OSL,1,603033,6643250,1
3011522,Tveita (i Tvetenveien),TVEA,OSL,1,603099,6643251,1
3011523,Tveita (ved Ytre ringvei),TVEI,OSL,1,603125,6643160,1
3011525,Tveita bedriftsområde,TVBE,OSL,1,603345,6643490,1
3011526,Stordamveien,STDV,OSL,1,603286,6642976,1
3011527,Postkassene,PK,OSL,1,603523,6643090,1
3011530,Haugerud [T-bane],HAU,OSL,1,603696,6644239,2
3011531,Haugerud T [buss],HAUT,OSL,1,603702,6644173,1
3011533,Haugerudveien (i Tvetenveien),HAUV,OSL,1,603513,6643797,1
3011534,Haugerudveien (i Hellerudvn),HAVE,OSL,1,603500,6643661,1
3011536,Solfjellet,SOLF,OSL,1,604063,6644012,1
3011537,Larsbråten,LARS,OSL,1,604045,6643526,1
3011540,Trosterud [T-bane],TRO,OSL,1,604200,6644760,2
3011542,Doktor Dedichens vei,DDV,OSL,1,603942,6644530,1
3011543,Haukåsen skole,HAÅS,OSL,1,604177,6644234,1
3011544,Fagerholt,FA,OSL,1,604405,6644369,1
3011545,Lutvann skole,LUTS,OSL,1,604507,6644616,1
3011546,Lutvannsveien,LUTV,OSL,1,604684,6644562,1
3011547,Ole Messelts vei,OMV,OSL,1,604668,6644532,1
3011548,Lutvann leir,LUL,OSL,1,604979,6644430,1
3011551,Trasop skole,TRS,OSL,1,603544,6642183,1
3011552,Hellerudfaret,HELF,OSL,1,603544,6642339,1
3011554,Trasoppveien,TRV,OSL,1,603367,6642883,1
3011561,Rundtjernveien,RTV,OSL,1,603479,6643433,1
3011562,Hellerud terrasse,HELT,OSL,1,603820,6643212,1
3011563,Hellerudgrenda,HELG,OSL,1,603955,6643173,1
3011564,Krokstien,KROS,OSL,1,604019,6642905,1
3011566,Grankollveien,GRAV,OSL,1,604044,6643042,1
3011567,Landeroveien,LRV,OSL,1,603820,6643532,1
3011571,Alfaset (i Strømsveien),ALF,OSL,1,603750,6645190,1
3011572,Alna senter,ALS,OSL,1,603217,6644791,1
3011574,Alnabruveien,ALBV,OSL,1,602593,6644370,1
3011575,Tittutveien,TITV,OSL,1,603058,6644563,1
3011576,Smalvollveien,SMAV,OSL,1,603011,6644433,1
3011581,Arvesetveien,ARSV,OSL,1,603234,6644921,1
3011583,Postens verksteder,POVE,OSL,1,603065,6645292,1
3011585,Tollpost-Globe,TOGL,OSL,1,603339,6645599,1
3011586,Postens godssenter,POGO,OSL,1,603460,6645534,1
3011610,Lindeberg [T-bane],LIB,OSL,1,605185,6645434,2
3011611,Lindeberg T [buss],LIBT,OSL,1,605121,6645433,1
3011612,Lindeberg sykehjem,LIBS,OSL,1,604836,6645202,1
3011614,Jeriko skole,JES,OSL,1,605374,6645673,1
3011615,Furuset skole (sydside av E6),FUSKS,OSL,1,605746,6645962,1
3011616,Furuset skole (n. side Karih.vn),FSKN,OSL,1,605769,6645955,1
3011617,Furuset skole (s. side Karih.vn),FSKS,OSL,1,605732,6645910,1
3011619,Furuset skole (nordside av E6),FUSKN,OSL,1,605721,6646020,1
3011620,Furuset [T-bane],FUR,OSL,1,605990,6646410,2
3011621,Furuset T [buss],FURT,OSL,1,606040,6646360,1
3011623,Nordre Gran,NGR,OSL,1,606299,6646474,1
3011624,Gransletta,GRSL,OSL,1,606126,6646793,1
3011626,Vestre Haugen,VHAU,OSL,1,605916,6647205,1
3011627,Stjerneblokkveien,STBV,OSL,1,605540,6647280,1
3011630,Ellingsrudåsen [T-bane],ELÅ,OSL,1,607100,6645890,2
3011631,Ellingsrudåsen T [buss],ELÅT,OSL,1,607132,6645897,1
3011632,Edvard Munchs vei,EDMV,OSL,1,606784,6646153,1
3011634,Erling Michelsens vei,EMIV,OSL,1,606413,6645914,1
3011635,Karihaugen,KAH,OSL,1,607661,6646025,1
3011641,IKEA Furuset,IKFU,OSL,1,604570,6645621,1
3011643,Sam. Eydes vei,SEyv,OSL,1,605095,6645879,1
3011645,Alnaparkveien,APKV,OSL,1,605098,6646199,1
3011646,Prof. Birkelands vei,PBIV,OSL,1,605317,6646629,1
3011651,Skjønhaug,SH,OSL,1,604516,6645063,1
3011652,Trosterudkrysset (sydsiden),TROKS,OSL,1,604265,6644867,1
3011653,Trosterudkrysset (nordsiden),TROKN,OSL,1,604264,6645030,1
3011654,Kjelsrud (i Tvetenveien),KJER,OSL,1,604064,6645230,1
3011655,Kjelsrud (i Strømsveien),KJR,OSL,1,604066,6645378,1
3011656,Alfaset gravlund,ALFG,OSL,1,603935,6645463,1
3011657,Alfasetveien,ALFV,OSL,1,603849,6645785,1
3011659,Trosterud (ved E6),TROS,OSL,1,604178,6644993,1
3011660,Høybråten [tog],HB,OSL,1,607680,6647195,3
3011665,Folkvangveien,FOLV,OSL,1,607147,6646398,1
3011667,Bjørnheim,BJM,OSL,1,606883,6646505,1
3011668,Høystakkveien,HSTV,OSL,1,606432,6646949,1
3011671,Høybråten kirke,HBRK,OSL,1,606722,6646757,1
3011672,Solbakken,SOB,OSL,1,607166,6646748,1
3011673,Bikuben,BIKU,OSL,1,607519,6646770,1
3011674,Karl Andersens vei,KAAV,OSL,1,607598,6646476,1
3011675,Granliveien,GRLV,OSL,1,607753,6646334,1
3011676,Fjellborg,FJB,OSL,1,607943,6646599,1
3011677,Vardeheim,VH,OSL,1,607843,6646818,1
3011678,Høybråten park,HBRP,OSL,1,608021,6646951,1
3011710,Rommen [T-bane],ROM,OSL,1,606620,6648729,2
3011711,Rommen (i Fossumveien),ROMN,OSL,1,606586,6648892,1
3011714,Tokeruddalen,TOKD,OSL,1,607014,6648843,1
3011715,Sveiva (i Fossumveien),SVEIV,OSL,1,606291,6648852,1
3011716,Sveiva (i Trondheimsveien),SVEI,OSL,1,606128,6648850,1
3011717,Romsåsfoten,RÅSF,OSL,1,605859,6648538,1
3011720,Stovner [T-bane],STO,OSL,1,607390,6648770,2
3011721,Stovner T [buss],STVT,OSL,1,607365,6648755,1
3011722,Fossum  (Stovner),FOS,OSL,1,607372,6648609,1
3011723,Øvre Fossum,ØFOS,OSL,1,607582,6648400,1
3011724,Olaus Fjørtofts vei,OFV,OSL,1,607805,6648456,1
3011725,Jonny Svorkmos vei,JSVV,OSL,1,608020,6648242,1
3011730,Vestli [T-bane],VES,OSL,1,607700,6649870,2
3011731,Vestli T [buss],VEST,OSL,1,607665,6649842,1
3011733,Gullberget,GULB,OSL,1,607334,6649471,1
3011734,Jacobine Ryes vei,JRYV,OSL,1,607127,6649212,1
3011741,Rommi,ROMM,OSL,1,606521,6649236,1
3011743,Bånkallenga,BÅNE,OSL,1,606858,6649677,1
3011744,Bånkallstubben,BÅNS,OSL,1,607124,6650018,1
3011745,Skillebekk (i Trondheimsveien),SBE,OSL,1,607538,6650281,1
3011750,Haugenstua [tog],HAUG,OSL,1,606610,6647530,3
3011751,Haugenstua stasjon [buss],HAUS,OSL,1,606731,6647547,1
3011752,Haugenstua torg,HATO,OSL,1,606621,6647685,1
3011756,Haavard Martinsens vei,HMV,OSL,1,606049,6647877,1
3011757,Jernkroken,JK,OSL,1,605945,6647838,1
3011760,Smedstua,SMA,OSL,1,606915,6647723,1
3011761,Haugenstua skole,HAUSK,OSL,1,607341,6647751,1
3011762,Smiuvegen,SMIV,OSL,1,607441,6647730,1
3011763,Jorines vei,JORV,OSL,1,607707,6647749,1
3011764,Stovnerskogen sykehjem,STSY,OSL,1,607883,6647384,1
3011765,Stovnerfaret (i Stovnerbakken),STVF,OSL,1,608034,6647981,1
3011770,Lørenskog [tog],LØR,OSL,1,608560,6646930,3
3011771,Lørenskog stasjon [buss],LØRS,OSL,1,608653,6646825,1
3011772,Stovner bru,STBR,OSL,1,608335,6647082,1
3011773,Fjellstuveien,FJSV,OSL,1,608267,6647429,1
3011774,Tjonerudveien,TJOV,OSL,1,608258,6647686,1
3011775,Stovnerbakken (i Stovnerveien),STVB,OSL,1,608106,6647946,1
3011810,Romsås [T-bane],RÅS,OSL,1,605570,6648720,2
3011812,Tiurleiken,TIUL,OSL,1,605535,6648788,1
3011815,Romsås senter,RÅSS,OSL,1,605819,6648992,1
3011816,Orremyr,ORR,OSL,1,605983,6649050,1
3011817,Gangtunnelen,GANG,OSL,1,605912,6648722,1
3011821,Ravnkollen,RAK,OSL,1,605496,6649043,1
3011822,Ravnkollbakken,RAKB,OSL,1,605518,6649247,1
3011823,Romsås kirke,RÅSK,OSL,1,605539,6649403,1
3011824,Røverkollen,RØK,OSL,1,606027,6649791,1
3011825,Øvre Svarttjern,ØSVT,OSL,1,606299,6649802,1
3011826,Svarttjern,SVT,OSL,1,606372,6649524,1
3011827,Emanuelfjell,EMFJ,OSL,1,606086,6649239,1
3011910,Rødtvet [T-bane],RØD,OSL,1,603808,6647447,2
3011913,Rødtvet (sydsiden av Trondhvn),RØDTS,OSL,1,603938,6647404,1
3011914,Rødtvet (nordsiden av Trondhv),RØDTN,OSL,1,603609,6647212,1
3011920,Kalbakken [T-bane],KAL,OSL,1,604244,6647786,2
3011921,Flaen (Tr.heimsvn),FLA,OSL,1,604315,6647768,1
3011922,Kalbakkveien,KALV,OSL,1,604187,6647476,1
3011923,Kalbakkstubben,KALS,OSL,1,604245,6647375,1
3011924,Nordtvetveien,NOTV,OSL,1,604464,6647575,1
3011925,Grønlund,GRØL,OSL,1,604720,6647762,1
3011926,Sagstuveien,SASV,OSL,1,605030,6647791,1
3011927,Grorud skole,GRSK,OSL,1,605141,6648263,1
3011930,Ammerud [T-bane],AMM,OSL,1,604496,6648204,2
3011931,Ammerud T (i Ammerudveien),AMMT,OSL,1,604464,6648209,1
3011932,Ammerud (i Trondheimsveien),AMR,OSL,1,604668,6648236,1
3011933,Ammerudhellinga,AMMH,OSL,1,604554,6648708,1
3011934,Ammerud skole,AMMS,OSL,1,604505,6648931,1
3011935,Alundamveien,ALDV,OSL,1,604415,6649148,1
3011936,Breisjøgrenda,BREG,OSL,1,604451,6649437,1
3011937,Huken,HUN,OSL,1,604608,6649729,1
3011938,Ammerudlunden,AMLU,OSL,1,604537,6648509,1
3011940,Grorud [T-bane],GRO,OSL,1,605088,6648607,2
3011941,Grorud T [buss],GROT,OSL,1,605136,6648568,1
3011942,Grorudkrysset (nordsiden),GROK,OSL,1,605278,6648446,1
3011943,Grorudkrysset (sydsiden),GRKR,OSL,1,605355,6648424,1
3011944,Grorud senter (i Bergensveien),GROS,OSL,1,605102,6648642,1
3011945,Hagelundveien,HLUV,OSL,1,605158,6649057,1
3011946,Skogstad,SKOS,OSL,1,605066,6649339,1
3011947,Monica-skolen,MONS,OSL,1,604749,6649592,1
3011950,Bredtvet,BT,OSL,1,604079,6646884,1
3011952,Tine-meieriet,TINE,OSL,1,604346,6646808,1
3011953,Lindab,LINB,OSL,1,604478,6646953,1
3011954,Christoffer Hellums vei,CHV,OSL,1,604688,6647107,1
3011956,Nedre Kalbakkvei,NKV,OSL,1,603860,6646494,1
3011960,Nyland [tog],NYL,OSL,1,604520,6646625,3
3011961,Nyland stasjon [buss],NYLS,OSL,1,604476,6646675,1
3011962,Stanseveien (i østre Aker vei),STAN,OSL,1,604875,6646963,1
3011965,Stålfjæra,STÅL,OSL,1,605129,6647322,1
3011966,Falch-gården,FALG,OSL,1,604874,6647066,1
3011967,Stanseveien (i Stanseveien),STAV,OSL,1,604689,6646954,1
3011970,Grorud [tog],GRD,OSL,1,605415,6647330,3
3011971,Grorud stasjon (i Grorudvn),GRDST,OSL,1,605355,6647473,1
3011972,Grorud stasjon (Ø.Akerv mot øst),GRDS,OSL,1,605296,6647339,1
3011973,Bekkenstenveien,BKSV,OSL,1,605338,6647696,1
3011974,Nordlisvingen,NLS,OSL,1,605245,6647484,1
3011975,Grorudveien (i Stanseveien),GRV,OSL,1,605307,6647641,1
3011976,Vestbyveien (i Bekkenstenvn),VBV,OSL,1,605439,6647726,1
3011977,Vestbyveien (i Jernkroken),VBYV,OSL,1,605594,6647660,1
3012000,Økern [T-bane],ØKE,OSL,1,600924,6644795,2
3012001,Økern T (ved senteret),ØKET,OSL,1,600899,6644863,1
3012002,Økern (ved Økern torgvei),ØKER,OSL,1,600918,6644931,1
3012003,Økernkrysset (i Store Ringvei),ØKEK,OSL,1,600725,6644786,1
3012004,Haslelund,HASL,OSL,1,600996,6644317,1
3012006,Økern næringspark,ØKNÆ,OSL,1,601227,6644644,1
3012007,Lånekassen,LÅNE,OSL,1,601243,6644802,1
3012010,Risløkka [T-bane],RLØ,OSL,1,601862,6645292,2
3012011,Risløkkalleen,RLØA,OSL,1,601903,6645126,1
3012012,Nedre Risløkka,NRLØ,OSL,1,601266,6645013,1
3012013,Rabbeveien,RABV,OSL,1,601378,6645245,1
3012014,Anton Tschudis vei,ATV,OSL,1,601456,6645611,1
3012015,Lundliveien,LULV,OSL,1,601223,6645668,1
3012016,Økern aldershjem,ØKAL,OSL,1,601020,6645274,1
3012020,Vollebekk [T-bane],VOL,OSL,1,602333,6645731,2
3012022,Vollebekkveien,VOBV,OSL,1,602019,6645768,1
3012023,Kroklia,KROL,OSL,1,601679,6645805,1
3012024,Øvre Risløkka,ØRLØ,OSL,1,601883,6645899,1
3012025,Økernbråten,ØKEB,OSL,1,601988,6646105,1
3012030,Linderud [T-bane],LIN,OSL,1,602748,6646293,2
3012031,Linderud T [buss],LINT,OSL,1,602752,6646336,1
3012032,Linne hotell,LINH,OSL,1,602210,6646111,1
3012033,Nedre Vollebekk,NVOL,OSL,1,602128,6645435,1
3012034,Siemens,SIEM,OSL,1,602892,6646043,1
3012035,Vollebekk (i Østre Aker vei),VOLB,OSL,1,602438,6645709,1
3012036,Veitvetveien,VEIV,OSL,1,603693,6646238,1
3012040,Veitvet [T-bane],VEI,OSL,1,603167,6646659,2
3012041,Veitvet (i Trondheimsveien),VEIT,OSL,1,603110,6646800,1
3012042,Veitvetstubben,VEIS,OSL,1,602879,6646573,1
3012043,Linderudsletta (sydsiden),LINS,OSL,1,602559,6646577,1
3012044,Linderudsletta (nordsiden),LISL,OSL,1,602549,6646639,1
3012045,Linderud senter (på brua),LINR,OSL,1,602613,6646574,1
3012046,Øvre Lunden,ØLU,OSL,1,602136,6646487,1
3012047,Kolåsbakken,KOBK,OSL,1,602355,6646638,1
3012050,Alna [tog],ALN,OSL,1,602500,6645160,3
3012051,Knud Bryns vei,KBV,OSL,1,601995,6644725,1
3012052,Nordre Hovin,NOHO,OSL,1,602204,6645167,1
3012055,Haraldrudveien,HRUV,OSL,1,602057,6644407,1
3012056,Persveien,PERV,OSL,1,601542,6644209,1
3012059,Travbanen,TRAB,OSL,1,601218,6646367,1
3012060,Bjerke (nordsiden av Trondhvn),BJE,OSL,1,601068,6646424,1
3012061,Bjerke (sydsiden av Trondhvn),BJER,OSL,1,601113,6646381,1
3012062,Refstadsvingen,REFS,OSL,1,601519,6646314,1
3012063,Refstadveien,REV,OSL,1,601809,6646169,1
3012064,Brobekk,BROB,OSL,1,601551,6646590,1
3012065,Årvoll senter,ÅRS,OSL,1,601027,6646645,1
3012066,Årvollveien,ÅRV,OSL,1,601159,6646790,1
3012070,Tonsenhagen,TO,OSL,1,602135,6646827,1
3012071,Tonsenhagen torg,TOT,OSL,1,601809,6646943,1
3012072,Stig,STIG,OSL,1,601541,6646928,1
3012073,Østreheimsveien,ØHV,OSL,1,601390,6646998,1
3012074,Steinbakken,STEB,OSL,1,601090,6646944,1
3012075,Stølsvegen,STØV,OSL,1,600929,6646960,1
3012076,Lofthus,LOFT,OSL,1,600735,6646922,1
3012077,Årrundveien,ÅRRV,OSL,1,600823,6646723,1
3012080,Aker sykehus (nordsiden Trh.vn),ASY,OSL,1,600429,6646189,1
3012081,Aker sykehus (sydsiden Trh.vn),AKSY,OSL,1,600414,6646150,1
3012086,Sinsenveien,SSV,OSL,1,600257,6645423,1
3012087,Lørenvangen,LØRV,OSL,1,600504,6645273,1
3012100,Sinsen [T-bane],SIS,OSL,1,599570,6645780,2
3012101,Sinsen T [buss],SIST,OSL,1,599591,6645670,1
3012102,Sinsenkrysset (sydsiden Trh.vn),SKRS,OSL,1,599798,6645809,1
3012103,Sinsenkrysset (Ringv. mot syd),SIKR,OSL,1,599800,6645727,1
3012104,Sinsenkrysset (nordsiden Trh.vn),SKRN,OSL,1,599771,6645867,1
3012105,Sinsenkrysset [trikk],SS,OSL,1,599648,6645973,1
3012110,Grefsen [tog],GF,OSL,1,599445,6646290,3
3012111,Grefsen stasjon [trikk],GFS,OSL,1,599524,6646271,1
3012112,Grefsen stasjon (Ringvn mot syd),GRST,OSL,1,599537,6646153,1
3012113,Grefsen stasjon (Ringv mot nord),GFST,OSL,1,599537,6646210,1
3012120,Storo [T-bane],STR,OSL,1,599359,6646583,2
3012121,Storo (på brua),STOT,OSL,1,599353,6646646,1
3012122,Storo (Ringvei-rampe sydover),STORT,OSL,1,599373,6646697,1
3012123,Storo (Ringvei-rampe nordover),STOR,OSL,1,599396,6646718,1
3012125,Nydalen [tog],NDA,OSL,1,598790,6647435,3
3012126,Nydalen stasjon (Ringveien),NYDS,OSL,1,598838,6647488,1
3012127,Lillo terrasse,LILT,OSL,1,599167,6647304,1
3012130,Nydalen [T-bane],NYD,OSL,1,598635,6647130,2
3012131,Nydalen T [buss],NYDT,OSL,1,598725,6647077,1
3012134,Gullhaugveien,GUHV,OSL,1,598844,6647039,1
3012135,Tamburveien,TAV,OSL,1,598782,6647296,1
3012140,Disen,D,OSL,1,599842,6646774,1
3012141,Lettvinten,LETV,OSL,1,599682,6646731,1
3012142,Nordre Åsen,NÅS,OSL,1,599815,6646546,1
3012143,Aschehougs vei,ASHV,OSL,1,600142,6646810,1
3012144,Sanatoriet (i Kjelsåsveien),SANT,OSL,1,600161,6647160,1
3012145,Sanatoriet (i Grefsenveien),SANA,OSL,1,599990,6647185,1
3012146,Glads vei,GLAV,OSL,1,599718,6647462,1
3012147,Grefsenplatået,GP,OSL,1,599727,6647859,1
3012150,Akebakken,AKEB,OSL,1,600377,6647502,1
3012151,Grefsenkollveien,GKV,OSL,1,600319,6647352,1
3012152,Grefsenseteren,GSET,OSL,1,600444,6647813,1
3012153,Trollveiskrysset,TRVK,OSL,1,600416,6648145,1
3012154,Kirketomta,KIRT,OSL,1,600373,6648325,1
3012155,Gulldalen,GULD,OSL,1,600275,6648610,1
3012156,Heia (i Lachmanns vei),HEIA,OSL,1,600284,6648870,1
3012157,Rønningen,RØNN,OSL,1,600243,6649066,1
3012158,Rundhaugen,RUH,OSL,1,600254,6649275,1
3012160,Kjelsås [tog],KJE,OSL,1,599530,6648980,3
3012161,Kjelsås stasjon [buss],KJS,OSL,1,599495,6648930,1
3012162,Kjelsås (i Midtoddveien),KJ,OSL,1,599661,6648778,1
3012163,Kjelsåsalleen (i Midtoddveien),KJA,OSL,1,599620,6648649,1
3012164,Kjelsåsalleen (i Kjelsåsveien),KJAL,OSL,1,599559,6648651,1
3012165,Grefsen stadion,GST,OSL,1,599668,6648323,1
3012166,Lyngåsveien,LÅSV,OSL,1,599892,6647904,1
3012167,Brannvaktveien,BRAV,OSL,1,600103,6647602,1
3012171,Othilie Tonnings vei,OTV,OSL,1,599194,6647412,1
3012172,Betzy Kjelsbergs vei,BKJV,OSL,1,598988,6647551,1
3012173,Kapellveien,KAPV,OSL,1,598912,6647707,1
3012174,Lillo sykehjem,LILS,OSL,1,599305,6647469,1
3012175,Morells vei,MORV,OSL,1,599547,6646979,1
3012181,Grefsenlia,GLIA,OSL,1,600369,6647196,1
3012191,Frysja,FRY,OSL,1,599046,6649036,1
3012192,Stillatorvet,STIT,OSL,1,599182,6648977,1
3012194,Brekke,BR,OSL,1,599028,6649312,1
3012210,Ullevål stadion [T-bane],UST,OSL,1,596764,6646753,2
3012211,Ullevål stadion (i Sognsveien),USTA,OSL,1,596768,6646931,1
3012212,Ullevål stadion (Ringveien),US,OSL,1,596691,6647066,1
3012213,Yrkesskolen,YS,OSL,1,596566,6647229,1
3012214,Solvang,SOLV,OSL,1,596504,6647503,1
3012215,Bregneveien,BREV,OSL,1,596647,6647653,1
3012220,Berg [T-bane],BER,OSL,1,597463,6647265,2
3012221,Berg (Ringveien),BERG,OSL,1,597399,6647338,1
3012224,Christophers vei,CHRV,OSL,1,597777,6647109,1
3012225,Østhellinga,ØSHE,OSL,1,597717,6646767,1
3012226,Tåsen alle,TSA,OSL,1,597675,6646482,1
3012230,Tåsen [T-bane],TS,OSL,1,597869,6647555,2
3012231,Tåsen senter,TSS,OSL,1,597804,6647405,1
3012233,Bergrådveien,BRÅV,OSL,1,598144,6647509,1
3012234,Øvre Stabburvei,ØSTV,OSL,1,598342,6647598,1
3012235,Nygård,NYG,OSL,1,598347,6647452,1
3012236,Blåsbortveien,BLBV,OSL,1,598359,6647248,1
3012237,Godals vei,GOV,OSL,1,598312,6646890,1
3012238,Nydalsveien,NYDV,OSL,1,598536,6646871,1
3012240,Østhorn,ØSH,OSL,1,597737,6647878,2
3012245,Havnabakken,HAVB,OSL,1,597955,6648166,1
3012246,Korsvollbråtan,KBR,OSL,1,598059,6648141,1
3012255,Nordberghjemmet,NBGH,OSL,1,597437,6648388,1
3012260,Holstein,HLS,OSL,1,597190,6648295,2
3012264,Holsteinveien,HLSV,OSL,1,597154,6648427,1
3012265,Kongleveien,KOV,OSL,1,596895,6648343,1
3012266,Nordbergveien,NBGV,OSL,1,596763,6648013,1
3012270,Kringsjå [T-bane],KRÅ,OSL,1,596866,6648651,2
3012271,Kringsjå (nattbuss),KRÅ,OSL,1,596830,6648673,1
3012280,Sognsvann,SV,OSL,1,596805,6649021,2
3012290,Skibakken,SKIB,OSL,1,598512,6648187,1
3012291,Korsvollbakken,KBK,OSL,1,598429,6648055,1
3012292,Korsvoll,K,OSL,1,598584,6648543,1
3012293,Brekkehagan,BRH,OSL,1,598628,6648830,1
3012294,Brekkekrysset(i Maridalsveien),BRK,OSL,1,598618,6649096,1
3012295,Brekkekrysset (i Kjelsåsveien),BRKR,OSL,1,598657,6649099,1
3012297,Svensenga,SVE,OSL,1,598826,6648666,1
3012305,Frøen,FRØ,OSL,1,595520,6645361,2
3012307,Frøensalleen,FRØA,OSL,1,595551,6645446,1
3012310,Steinerud [T-bane],STE,OSL,1,595233,6645851,2
3012311,Steinerud [buss],STET,OSL,1,595238,6645875,1
3012313,Risalleen,RISA,OSL,1,595193,6646470,1
3012314,Risbakken,RISB,OSL,1,594996,6646369,1
3012315,Vinderen [T-bane],VIN,OSL,1,595242,6646227,2
3012316,Vinderen T (i Holmenveien),VINT,OSL,1,595211,6646238,1
3012317,Viggo Hansteens vei,VHV,OSL,1,594933,6646311,1
3012320,Gaustad [T-bane],GAU,OSL,1,595535,6646617,2
3012321,Gaustad T [buss],GAUT,OSL,1,595554,6646613,1
3012322,Gaustad (Ringveien),GAUS,OSL,1,595707,6646632,1
3012323,Gaustadalleen,GAUA,OSL,1,595953,6646610,1
3012324,Rikshospitalet,RI,OSL,1,595860,6646826,1
3012325,Ris [T-bane],RIS,OSL,1,595217,6646852,2
3012326,Ris T [buss],RIST,OSL,1,595215,6646868,1
3012330,Slemdal [T-bane],SLE,OSL,1,594644,6647152,2
3012331,Slemdal T [buss],SLET,OSL,1,594661,6647122,1
3012332,Grimelundsveien,GLUV,OSL,1,594565,6646469,1
3012333,Tråkka,TRÅK,OSL,1,594375,6646583,1
3012334,Dalsveien,DALV,OSL,1,594338,6646859,1
3012335,Stasjonsveien,STV,OSL,1,594333,6647068,1
3012336,Holmenhavna,HH,OSL,1,593870,6647117,1
3012340,Gråkammen [T-bane],GRK,OSL,1,595028,6647620,2
3012345,Gulleråsen [T-bane],GUL,OSL,1,594748,6647704,2
3012349,Svenstua [buss],SVST,OSL,1,594365,6647853,1
3012350,Vettakollen [T-bane],VET,OSL,1,594690,6648158,2
3012355,Skådalen [T-bane],SKÅ,OSL,1,594410,6648361,2
3012360,Midtstuen [T-bane],MST,OSL,1,593977,6648298,2
3012362,Lybekkveien,LYBV,OSL,1,593493,6647317,1
3012363,Krags vei,KRAV,OSL,1,593066,6647527,1
3012364,Ryghs vei,RYGV,OSL,1,592818,6647693,1
3012365,Besserud [T-bane],BES,OSL,1,593474,6647897,2
3012366,Midtstuen [buss],MIDST,OSL,1,594049,6648089,1
3012367,Besserud T [buss],BESS,OSL,1,593462,6647856,1
3012370,Holmenkollen [T-bane],HK,OSL,1,592869,6648156,2
3012375,Voksenlia [T-bane],VLA,OSL,1,592392,6648879,2
3012380,Skogen [T-bane],SKO,OSL,1,591956,6649795,2
3012385,Lillevann [T-bane],LIV,OSL,1,592243,6650395,2
3012390,Voksenkollen [T-bane],VKO,OSL,1,592936,6650360,2
3012410,Makrellbekken [T-bane],MAK,OSL,1,593519,6646106,2
3012411,Makrellbekken (i Sørkedalsveien),MAB,OSL,1,593505,6646101,1
3012412,Bernhard Herres vei,BHV,OSL,1,593960,6646112,1
3012413,Holmendammen,HD,OSL,1,593857,6646425,1
3012415,Holmenenga,HE,OSL,1,593637,6646885,1
3012416,Gressbanen,GRB,OSL,1,593569,6647109,1
3012420,Holmen [T-bane],HOL,OSL,1,593169,6646555,2
3012425,Arnebråtveien,ABV,OSL,1,593033,6647108,1
3012426,Amagerveien,AMAV,OSL,1,592860,6647225,1
3012428,Husebyleiren,HUL,OSL,1,592473,6646145,1
3012429,Huseby skole,HUS,OSL,1,592523,6646545,1
3012430,Hovseter [T-bane],HS,OSL,1,592451,6646595,2
3012431,Hovseter T [buss],HST,OSL,1,592500,6646603,1
3012433,Hovseter skole,HSK,OSL,1,592533,6646944,1
3012434,Hovseterhjemmet,HSH,OSL,1,592560,6647131,1
3012435,Orebakken,OREB,OSL,1,592547,6647425,1
3012436,Voksen skole,VSKL,OSL,1,592364,6647456,1
3012442,Ostadalsveien,OSDV,OSL,1,592059,6646507,1
3012443,Aslakveien,ASLV,OSL,1,592022,6646169,1
3012444,Røa næringspark,RØNÆ,OSL,1,592131,6646050,1
3012445,Ullerntoppen,ULT,OSL,1,592098,6645734,1
3012450,Røa [T-bane],RØA,OSL,1,591866,6646614,2
3012451,Røa T (i Vækerøveien),RØAT,OSL,1,591776,6646648,1
3012452,Austliveien,AUSV,OSL,1,591898,6646548,1
3012453,Kristian Auberts vei,KAV,OSL,1,591699,6645942,1
3012456,Røa kirke,RØAK,OSL,1,591845,6646966,1
3012460,Ekraveien [T-bane],EKV,OSL,1,591446,6647005,2
3012461,Ekraveien [buss],EKRV,OSL,1,591304,6647254,1
3012462,Bjerkebakken,BJEB,OSL,1,591509,6647054,1
3012464,Trettebakken,TREB,OSL,1,591525,6647527,1
3012465,Nordengveien,NENV,OSL,1,591473,6647778,1
3012466,Linhusveien,LHV,OSL,1,591675,6647839,1
3012467,Vennerstua,VENS,OSL,1,591794,6647482,1
3012470,Jarbakken,JAB,OSL,1,592548,6647552,1
3012472,Nordre Jarbakken,NJAB,OSL,1,592382,6647735,1
3012473,Sagstua,SAGS,OSL,1,592113,6648144,1
3012474,Himstadplassen,HIP,OSL,1,591914,6648446,1
3012475,Bogstad Camping (i Ankerveien),BC,OSL,1,591718,6648326,1
3012476,Peder Ankers plass,PANP,OSL,1,591606,6648294,1
3012480,Voksen skog,VSK,OSL,1,591778,6649791,1
3012481,Grindbakken,GRIB,OSL,1,591785,6649313,1
3012482,Åsly,ÅSLY,OSL,1,591804,6649060,1
3012483,Liabakken,LIAB,OSL,1,591822,6648795,1
3012500,Skøyen [tog],SKØ,OSL,1,593845,6643955,3
3012501,Skøyen stasjon [buss],SKØS,OSL,1,593873,6643933,1
3012502,Skøyenbrua (i Hoffsveien),SKØB,OSL,1,593839,6644011,1
3012503,Sjølyst (rundkjøring),SJØL,OSL,1,593655,6643836,1
3012504,Sjølyst (båtopplaget),SJØB,OSL,1,593622,6643742,1
3012505,Skøyen (ved Lilleakerbanen),SK,OSL,1,593991,6644077,1
3012507,Thune,THU,OSL,1,594369,6643882,1
3012510,Hoff (Lilleakerbanen),HOFF,OSL,1,593656,6644229,1
3012511,Hoff (i Hoffsveien),HOFH,OSL,1,593646,6644276,1
3012512,Hoff terrasse,HOTE,OSL,1,593646,6644536,1
3012513,Jarlsborgveien,JBV,OSL,1,593677,6644814,1
3012514,Smestaddammen,SMDD,OSL,1,593817,6645298,1
3012515,Abbediengen (Lilleakerbanen),ABB,OSL,1,593072,6644185,1
3012520,Ullern (Lilleakerbanen),ULL,OSL,1,592707,6644139,1
3012522,Maritim,MIM,OSL,1,593042,6643470,1
3012530,Furulund (Lilleakerbanen),FUL1,OSL,1,592261,6643680,1
3012533,Vækerø (nordsiden av E18),VÆKN,OSL,1,592221,6643147,1
3012534,Vækerø (sydsiden av E18),VÆKS,OSL,1,592342,6643166,1
3012535,Sollerud,SOLL,OSL,1,591836,6643772,1
3012540,Lilleaker (Lilleakerbanen),LIL,OSL,1,591451,6643720,1
3012541,Lilleaker (i Lilleakerveien),LILA,OSL,1,591470,6643743,1
3012542,CC Vest,CC,OSL,1,591504,6643450,1
3012544,Vækerøveien,VÆKV,OSL,1,591860,6644051,1
3012545,Øraker,ØRA,OSL,1,591099,6644193,1
3012547,Strandveien (Lysaker),STRV,OSL,1,591673,6642827,1
3012549,Lysaker (Lysakerlokket),LYSL,OSL,1,591395,6642857,1
3012550,Lysaker [tog],LY,OSL,1,591555,6642905,3
3012551,Lysaker stasjon (nordside Dr.vn),LYST,OSL,1,591537,6642847,1
3012552,Lysaker stasjon (sydside Dr.vn),LYSS,OSL,1,591636,6642832,1
3012553,Lysaker bru,LYB,OSL,1,591716,6642983,1
3012554,Lysaker brygge [buss],LYBR,OSL,1,591648,6642694,1
3012556,Volvat (i Sørkedalsveien),VOT,OSL,1,595261,6645131,1
3012560,Borgen [T-bane],BOR,OSL,1,594755,6645344,2
3012561,Borgen (i Sørkedalsveien),BORG,OSL,1,594849,6645340,1
3012562,Heggeli,HEG,OSL,1,594501,6645456,1
3012565,Smestad [T-bane],SMD,OSL,1,594117,6645612,2
3012566,Smestad (i Sørkedalsveien),SMS,OSL,1,594217,6645587,1
3012567,Smestad (Ringveien),SMST,OSL,1,594000,6645618,1
3012575,Montebello [T-bane],MBO,OSL,1,593076,6645268,2
3012576,Husebyveien,HUSV,OSL,1,593650,6645331,1
3012577,Montebelloveien,MBOV,OSL,1,593186,6644926,1
3012580,Ullernåsen [T-bane],ULÅ,OSL,1,592540,6644905,2
3012583,Radiumhospitalet,RAD,OSL,1,592747,6644652,1
3012584,Blokkajordet,BLOJ,OSL,1,592089,6644202,1
3012585,Åsjordet [T-bane],ÅSJ,OSL,1,592037,6644626,2
3012591,Bjørnsletta (i Vækerøveien),BJS,OSL,1,591617,6644464,1
3012592,Lyseveien,LYV,OSL,1,591587,6644804,1
3012593,Lysejordet,LYJ,OSL,1,591634,6645174,1
3012594,Møllefaret,SANB,OSL,1,591674,6645605,1
3012599,Lyseskrenten,LYSK,OSL,1,591073,6644391,1
3012609,Tverrveien,TVVN,OSL,1,590522,6651513,1
3012610,Bogstad badeplass,BBP,OSL,1,591461,6649155,1
3012611,Bogstad gård,BGÅ,OSL,1,590932,6649509,1
3012612,Strøm,STRM,OSL,1,590539,6650153,1
3012613,Zinober,ZIN,OSL,1,590490,6650648,1
3012614,Årnes (Wyllerløypa),ÅRNE,OSL,1,590421,6651201,1
3012615,Bakk,BAKK,OSL,1,590545,6651716,1
3012616,Søndre Solberg,SSOL,OSL,1,590331,6652436,1
3012617,Nordre Solberg,NSOL,OSL,1,590308,6653385,1
3012618,Bjørnsgard,BJG,OSL,1,590474,6650937,1
3012619,Vestre Venner,VVEN,OSL,1,588688,6654473,1
3012620,Skansebakken,SKAB,OSL,1,588286,6654464,1
3012621,Sandbråten,SABR,OSL,1,588406,6654553,1
3012622,Nordre Venner,NVEN,OSL,1,588919,6654482,1
3012623,Søndre Venner,SVEN,OSL,1,589119,6654421,1
3012624,Lokalet,LOK,OSL,1,589377,6654349,1
3012625,Sørkedalen skole,SØSK,OSL,1,589886,6654385,1
3012626,Stubberud (i Sørkedalen),STU,OSL,1,590102,6653977,1
3012630,Frognerseteren [T-bane],FRS,OSL,1,593548,6650267,2
3012633,Engelsrud (i Maridalsvn),ENGR,OSL,1,598480,6649717,1
3012634,Brennenga,BENG,OSL,1,598299,6650166,1
3012635,Lokkeberget,LOB,OSL,1,598067,6650482,1
3012636,Skjerven (i Maridalen),SKJ,OSL,1,597799,6651155,1
3012637,Saga (i Maridalen),SAG,OSL,1,597802,6651435,1
3012640,Hammeren,HAM,OSL,1,597762,6652041,1
3012641,Kirkeby (i Maridalen),KIBY,OSL,1,598522,6652338,1
3012642,Maridalen Kirke,MARK,OSL,1,598830,6652709,1
3012643,Velhuset,VEHU,OSL,1,598927,6653311,1
3012644,Hauger (i Maridalen),HA,OSL,1,599036,6653667,1
3012645,Turterfaret,TUFA,OSL,1,599185,6654233,1
3012646,Brodin,BROD,OSL,1,599366,6654551,1
3012647,Sandermosveien,SAMV,OSL,1,599579,6654917,1
3012650,Skar,SKAR,OSL,1,599184,6655728,1
3012651,Skarsbakken,SKBA,OSL,1,599090,6654995,1
3012652,Rugda,RUGD,OSL,1,598817,6654391,1
3012653,Turtermarka,TUMA,OSL,1,598473,6653764,1
3012654,Maridalen skole,MARSK,OSL,1,598318,6653245,1
3012656,Øvre Vaggestein,ØVAG,OSL,1,599448,6655425,1
3012657,Granum,GRUM,OSL,1,599510,6655150,1
3012660,Solemskogen,SOLS,OSL,1,601437,6650501,1
3012661,Kalland,KALL,OSL,1,601258,6650404,1
3012662,Linderudkollen,LINK,OSL,1,601069,6650171,1
3012663,Setervollveien,SETV,OSL,1,600836,6650253,1
3012664,Kringlevann,KRIN,OSL,1,600670,6650163,1
3012665,Grefsenkollen,GK,OSL,1,600744,6648184,1
3012666,Trollvann,TRVA,OSL,1,600688,6648501,1
3012675,Snippen [tog],SNIP,OSL,1,600865,6655460,3
3012680,Movatn,MOVA,OSL,1,600985,6657010,3
3014015,Jernbanetorget (F.Olsens g nord),JERFN,OSL,1,597790,6642721,1
3014016,Jernbanetorget (F.Olsens g syd),JERFS,OSL,1,597754,6642645,1
3014017,Dronningens gate (i Dr. gate),DROGT,OSL,1,597653,6642706,1
3014022,Wessels plass (i Prinsens gt),WP,OSL,1,597385,6642882,1
3014023,Wessels plass (i Stortings gt),WESP,OSL,1,597254,6642978,1
3014067,Hammersborggata (Arb samf pl),HAMGT,OSL,1,597908,6643294,1